{
  "results": [
    {
      "command": "./sqlite-lines.sh",
      "mean": 0.14183227473,
      "stddev": 0.0010472900918482892,
      "median": 0.14181686543,
      "user": 0.09022503999999998,
      "system": 0.04903661,
      "min": 0.14001303743,
      "max": 0.14346669343000001,
      "times": [
        0.14327450943,
        0.14187125243,
        0.14008590943,
        0.14253678143,
        0.14176247843,
        0.14018754643,
        0.14121994843,
        0.14001303743,
        0.14307435043,
        0.14226320243,
        0.14219674843,
        0.14119102743,
        0.14095297843000001,
        0.14321102443,
        0.14116473743,
        0.14256851943,
        0.14163779343,
        0.14223658343,
        0.14346669343000001,
        0.14173037243
      ]
    },
    {
      "command": "./sqlite-lines-cli.sh",
      "mean": 0.07889240431888893,
      "stddev": 0.0014966689840502244,
      "median": 0.07876107043000001,
      "user": 0.07213336222222223,
      "system": 0.06324798222222222,
      "min": 0.07600999443,
      "max": 0.08432060843000001,
      "times": [
        0.07940483543000001,
        0.07914723743000002,
        0.07929115743000001,
        0.07958031243000001,
        0.07889898243000001,
        0.07759111343000001,
        0.07768516143000001,
        0.08026424543,
        0.08109312243000001,
        0.07764467643000002,
        0.07788376943000001,
        0.07894359543000001,
        0.07859811043,
        0.07850939243,
        0.07849540143000001,
        0.07802875243000001,
        0.07859292343000002,
        0.07846079043000001,
        0.07805187643000001,
        0.08432060843000001,
        0.07828492143000002,
        0.08078748443000001,
        0.08135013943000001,
        0.07898495543000002,
        0.07682507643000001,
        0.07958169143000002,
        0.07945695543000002,
        0.07600999443,
        0.07951175643000001,
        0.07730822643000002,
        0.07713340543000001,
        0.07862315843,
        0.08031682443000002,
        0.07902776843,
        0.07892767843000001,
        0.07751045443000001
      ]
    },
    {
      "command": "./ndjson-cli.sh",
      "mean": 3.39224596743,
      "stddev": 0.5503614335539185,
      "median": 3.2140530494300004,
      "user": 2.96353399,
      "system": 0.19836106,
      "min": 2.96927128643,
      "max": 4.796312899429999,
      "times": [
        3.29647266043,
        3.0804994804300003,
        3.41690291443,
        3.6361710314300004,
        3.5888035204300004,
        4.796312899429999,
        2.96927128643,
        3.13163343843,
        3.00699527243,
        2.99939717043
      ]
    },
    {
      "command": "./unix.sh",
      "mean": 0.16496843702090913,
      "stddev": 0.067814945909862,
      "median": 0.14241524693000002,
      "user": 0.10536543545454545,
      "system": 0.030146487272727264,
      "min": 0.13214869743,
      "max": 0.43490187443000006,
      "times": [
        0.13214869743,
        0.13286009143,
        0.13317182343,
        0.13241789943,
        0.13312971843,
        0.13561361043,
        0.17059289143,
        0.14193756443,
        0.13402043243,
        0.14289292943,
        0.16179058243,
        0.27163482443000003,
        0.14539133843,
        0.15234270543,
        0.17257295243,
        0.43490187443000006,
        0.13637171343,
        0.13305570843,
        0.13244675243,
        0.17618063243,
        0.17958463243,
        0.14424623943
      ]
    },
    {
      "command": "./duck.sh",
      "mean": 0.4206792686300001,
      "stddev": 0.047243095327738696,
      "median": 0.41006068743000007,
      "user": 0.2989043899999999,
      "system": 0.04741446,
      "min": 0.36073758243000004,
      "max": 0.51558732243,
      "times": [
        0.36440241543,
        0.41018508043000007,
        0.40088312243000007,
        0.36073758243000004,
        0.40690647043000006,
        0.40993629443000007,
        0.45779181843000005,
        0.46639622843000006,
        0.51558732243,
        0.41396635143000005
      ]
    }
  ]
}
