{
  "results": [
    {
      "command": "./sqlite-lines.sh",
      "mean": 0.10973692079428572,
      "stddev": 0.009801115953104029,
      "median": 0.10595980758000001,
      "user": 0.05214046285714287,
      "system": 0.05727123428571429,
      "min": 0.09937590058000001,
      "max": 0.13162482558,
      "times": [
        0.10442399258000001,
        0.10081168858,
        0.09937590058000001,
        0.10007284158,
        0.10697950358000001,
        0.10190891758000001,
        0.10204518558,
        0.10613764358000001,
        0.10877853458,
        0.12669947658,
        0.11610938358,
        0.11388688758000001,
        0.10337097758000001,
        0.10685184058000001,
        0.10486815558000001,
        0.10246159058000001,
        0.10336458358,
        0.10333454958,
        0.10578197158000001,
        0.10684736458,
        0.12945803558,
        0.12642728858,
        0.12695124357999998,
        0.13162482558,
        0.10221370358000001,
        0.10424609958,
        0.11242094158,
        0.11518065458000001
      ],
      "exit_codes": [
        0,
        0,
        0,
        0,
        0,
        0,
        0,
        0,
        0,
        0,
        0,
        0,
        0,
        0,
        0,
        0,
        0,
        0,
        0,
        0,
        0,
        0,
        0,
        0,
        0,
        0,
        0,
        0
      ]
    },
    {
      "command": "./sqlite-lines-cli.sh",
      "mean": 0.17915865929428573,
      "stddev": 0.012691511495256337,
      "median": 0.17876150708,
      "user": 0.06026732,
      "system": 0.22517173428571427,
      "min": 0.16113344658,
      "max": 0.20661257858,
      "times": [
        0.20661257858,
        0.18033742158,
        0.17190383958,
        0.17905010358,
        0.17847291058,
        0.19381936958,
        0.16269294958,
        0.18398181158,
        0.19229774958,
        0.18330099458,
        0.17580502958,
        0.16391701758,
        0.17489600757999998,
        0.16113344658
      ],
      "exit_codes": [
        0,
        0,
        0,
        0,
        0,
        0,
        0,
        0,
        0,
        0,
        0,
        0,
        0,
        0
      ]
    },
    {
      "command": "./unix.sh",
      "mean": 0.06334770926627453,
      "stddev": 0.004729859547009634,
      "median": 0.06377834458000001,
      "user": 0.018609918039215682,
      "system": 0.0444215494117647,
      "min": 0.05575983158,
      "max": 0.07238403358,
      "times": [
        0.057511779580000005,
        0.05575983158,
        0.06884063558,
        0.06541825758,
        0.057822634580000004,
        0.060463391580000005,
        0.05850220758000001,
        0.05705652658,
        0.05864231458000001,
        0.07094447158,
        0.06528827558,
        0.06002775358,
        0.06701983158000001,
        0.06540274958,
        0.060247666580000005,
        0.06500685758000001,
        0.06097540758,
        0.06377834458000001,
        0.06216187858000001,
        0.05809825358,
        0.059986726580000004,
        0.05943828458000001,
        0.06507710358,
        0.057490753580000005,
        0.06283498258,
        0.06046142358000001,
        0.06676685658,
        0.06937497558,
        0.07093007158,
        0.06798727758,
        0.07202067158,
        0.06650107158,
        0.06572873558,
        0.06618935958000001,
        0.06606004758,
        0.06921998058,
        0.05918848058,
        0.06709364358,
        0.06623710158,
        0.057023311580000006,
        0.06727862758,
        0.056034426580000005,
        0.06426737058000001,
        0.057923365580000004,
        0.07104991958000001,
        0.07238403358,
        0.057895678580000005,
        0.06151235858,
        0.06729032558,
        0.058982488580000006,
        0.061534648580000004
      ],
      "exit_codes": [
        0,
        0,
        0,
        0,
        0,
        0,
        0,
        0,
        0,
        0,
        0,
        0,
        0,
        0,
        0,
        0,
        0,
        0,
        0,
        0,
        0,
        0,
        0,
        0,
        0,
        0,
        0,
        0,
        0,
        0,
        0,
        0,
        0,
        0,
        0,
        0,
        0,
        0,
        0,
        0,
        0,
        0,
        0,
        0,
        0,
        0,
        0,
        0,
        0,
        0,
        0
      ]
    },
    {
      "command": "./duck.sh",
      "mean": 0.5540776166800001,
      "stddev": 0.05556105870654087,
      "median": 0.5502705375800001,
      "user": 0.45452461999999993,
      "system": 0.061558020000000005,
      "min": 0.48232779258,
      "max": 0.6941328935800001,
      "times": [
        0.5604756445800001,
        0.5615261755800001,
        0.48232779258,
        0.51125295258,
        0.5613220935800001,
        0.6941328935800001,
        0.53312631158,
        0.5353459905800001,
        0.54006543058,
        0.56120088158
      ],
      "exit_codes": [
        0,
        0,
        0,
        0,
        0,
        0,
        0,
        0,
        0,
        0
      ]
    },
    {
      "command": "./py.sh",
      "mean": 0.23396788574666663,
      "stddev": 0.029362746724334785,
      "median": 0.22773313108,
      "user": 0.17575832,
      "system": 0.05685810333333333,
      "min": 0.19800594058,
      "max": 0.28437666258000005,
      "times": [
        0.23221903558,
        0.24488110658,
        0.25579410658,
        0.26222958058,
        0.20720518458,
        0.22324722658,
        0.27200562758,
        0.28437666258000005,
        0.21021042658,
        0.21693335958,
        0.20050637158,
        0.19800594058
      ],
      "exit_codes": [
        0,
        0,
        0,
        0,
        0,
        0,
        0,
        0,
        0,
        0,
        0,
        0
      ]
    },
    {
      "command": "./ndjson-cli.sh",
      "mean": 4.621678157080001,
      "stddev": 0.1984295900791308,
      "median": 4.67350586658,
      "user": 4.44546432,
      "system": 0.43866092000000007,
      "min": 4.2901291625799995,
      "max": 4.91997488158,
      "times": [
        4.43294617258,
        4.74641817558,
        4.80375482358,
        4.49857552258,
        4.64316801058,
        4.2901291625799995,
        4.74167221558,
        4.70384372258,
        4.43629888358,
        4.91997488158
      ],
      "exit_codes": [
        0,
        0,
        0,
        0,
        0,
        0,
        0,
        0,
        0,
        0
      ]
    },
    {
      "command": "./dsq.sh",
      "mean": 21.55982435058,
      "stddev": 0.39239821796347757,
      "median": 21.52563980608,
      "user": 41.98601762,
      "system": 2.40838852,
      "min": 21.06174127158,
      "max": 22.362013151579998,
      "times": [
        22.362013151579998,
        21.56659215158,
        21.26984663158,
        21.06174127158,
        21.17195820058,
        21.293780408579998,
        21.84684816358,
        21.69248146458,
        21.48468746058,
        21.848294601579997
      ],
      "exit_codes": [
        0,
        0,
        0,
        0,
        0,
        0,
        0,
        0,
        0,
        0
      ]
    },
    {
      "command": "./sqlite-utils.sh",
      "mean": 21.588010348879997,
      "stddev": 0.5726913757118215,
      "median": 21.698264145079996,
      "user": 21.27780732,
      "system": 0.5963281200000001,
      "min": 20.77197498858,
      "max": 22.491265867579997,
      "times": [
        21.010573073579998,
        22.29191032758,
        22.491265867579997,
        21.89324102758,
        21.230136577579998,
        21.663901172579997,
        20.77197498858,
        21.732627117579998,
        21.797476254579998,
        20.996997081579998
      ],
      "exit_codes": [
        0,
        0,
        0,
        0,
        0,
        0,
        0,
        0,
        0,
        0
      ]
    }
  ]
}
