{
  "results": [
    {
      "command": "./sqlite-lines.sh",
      "mean": 0.11192120944956527,
      "stddev": 0.010098402856514777,
      "median": 0.10681986858,
      "user": 0.05700107652173913,
      "system": 0.05383444782608695,
      "min": 0.10199217858000001,
      "max": 0.13303213158000002,
      "times": [
        0.12761100758000002,
        0.13045255958000002,
        0.10517272258,
        0.12951001758000003,
        0.12190816658,
        0.12295786058000001,
        0.13303213158000002,
        0.10825707958,
        0.10562566558,
        0.11123221558,
        0.10502871058,
        0.10430135558,
        0.11039445358000001,
        0.10475019358,
        0.11382635258,
        0.10433191858,
        0.10681986858,
        0.10468875158,
        0.10199217858000001,
        0.10420574358,
        0.10330093058,
        0.10912190758,
        0.10566602558
      ],
      "exit_codes": [
        0,
        0,
        0,
        0,
        0,
        0,
        0,
        0,
        0,
        0,
        0,
        0,
        0,
        0,
        0,
        0,
        0,
        0,
        0,
        0,
        0,
        0,
        0
      ]
    },
    {
      "command": "./sqlite-lines-cli.sh",
      "mean": 0.20800076051333335,
      "stddev": 0.012611967939301824,
      "median": 0.20374518558000002,
      "user": 0.06116518666666664,
      "system": 0.2697193,
      "min": 0.18767478758000003,
      "max": 0.22892014458,
      "times": [
        0.18767478758000003,
        0.21259098158000003,
        0.22647638758000002,
        0.22892014458,
        0.21314752258000003,
        0.20275248058000003,
        0.22703790458000003,
        0.21543235458,
        0.20150278758,
        0.20374518558000002,
        0.19744987658000002,
        0.19943910858000002,
        0.20186314358000002,
        0.20996317758000002,
        0.19201556458000002
      ],
      "exit_codes": [
        0,
        0,
        0,
        0,
        0,
        0,
        0,
        0,
        0,
        0,
        0,
        0,
        0,
        0,
        0
      ]
    },
    {
      "command": "./unix.sh",
      "mean": 0.06369224903454546,
      "stddev": 0.005703483680711682,
      "median": 0.06256716408,
      "user": 0.019691529090909085,
      "system": 0.04339289545454545,
      "min": 0.05660818058,
      "max": 0.07391166458,
      "times": [
        0.06714040958,
        0.06275611758,
        0.06458187958,
        0.07077056658,
        0.07041071358,
        0.07391166458,
        0.06528699758,
        0.05951489058000001,
        0.06582255058,
        0.07279206458,
        0.062261895580000004,
        0.06583095258,
        0.05945065558,
        0.07055366558,
        0.07008476858,
        0.07122539958,
        0.06348265458,
        0.060130669580000004,
        0.06808098258,
        0.07163703958,
        0.07038139558,
        0.07237307258,
        0.05660818058,
        0.058468294579999996,
        0.062378210579999996,
        0.05984294858,
        0.05747573058000001,
        0.06719636258,
        0.05803521558000001,
        0.05670276158,
        0.05774924358,
        0.05699400158000001,
        0.05742277658,
        0.05711649558000001,
        0.07364251058,
        0.05851840358,
        0.059408166580000005,
        0.05715875458,
        0.05897229958,
        0.06117448458000001,
        0.06344002758,
        0.06919091758,
        0.05824273558000001,
        0.05823942858
      ],
      "exit_codes": [
        0,
        0,
        0,
        0,
        0,
        0,
        0,
        0,
        0,
        0,
        0,
        0,
        0,
        0,
        0,
        0,
        0,
        0,
        0,
        0,
        0,
        0,
        0,
        0,
        0,
        0,
        0,
        0,
        0,
        0,
        0,
        0,
        0,
        0,
        0,
        0,
        0,
        0,
        0,
        0,
        0,
        0,
        0,
        0
      ]
    },
    {
      "command": "./duck.sh",
      "mean": 0.8545105168800001,
      "stddev": 0.050447404163147753,
      "median": 0.84321059558,
      "user": 0.7680097200000001,
      "system": 0.0811654,
      "min": 0.8070517665800001,
      "max": 0.98283122458,
      "times": [
        0.8070517665800001,
        0.8245469755800001,
        0.85451348658,
        0.8648573745800001,
        0.8319077045800001,
        0.8761971375800001,
        0.98283122458,
        0.8296040525800001,
        0.8586156315800001,
        0.8149798145800001
      ],
      "exit_codes": [
        0,
        0,
        0,
        0,
        0,
        0,
        0,
        0,
        0,
        0
      ]
    },
    {
      "command": "./py.sh",
      "mean": 0.24670426758000005,
      "stddev": 0.028411731471376395,
      "median": 0.23677826858,
      "user": 0.18624281999999998,
      "system": 0.0574975,
      "min": 0.21052329558000002,
      "max": 0.29666868358,
      "times": [
        0.28873430358,
        0.29666868358,
        0.22583699258000003,
        0.26815202758,
        0.23374370658000002,
        0.24400515458000002,
        0.23981283058000002,
        0.21052329558000002,
        0.23081643258000004,
        0.22874924858000004
      ],
      "exit_codes": [
        0,
        0,
        0,
        0,
        0,
        0,
        0,
        0,
        0,
        0
      ]
    },
    {
      "command": "./ndjson-cli.sh",
      "mean": 5.44222229348,
      "stddev": 0.9472119664213677,
      "median": 5.23179577808,
      "user": 5.192658420000001,
      "system": 0.6453733999999999,
      "min": 4.56324571458,
      "max": 7.84861863658,
      "times": [
        4.73130807558,
        4.56324571458,
        7.84861863658,
        5.89167250658,
        5.57228514258,
        4.91613108458,
        4.84809912058,
        5.07707274058,
        5.5872710975799995,
        5.38651881558
      ],
      "exit_codes": [
        0,
        0,
        0,
        0,
        0,
        0,
        0,
        0,
        0,
        0
      ]
    },
    {
      "command": "./dsq.sh",
      "mean": 22.89175555648,
      "stddev": 0.8445498586171815,
      "median": 22.59732422258,
      "user": 44.42702361999999,
      "system": 2.7099561999999997,
      "min": 21.66036137858,
      "max": 24.034048053579998,
      "times": [
        22.626105008579998,
        24.034048053579998,
        23.787778125579997,
        22.56854343658,
        22.38570891758,
        23.669623272579997,
        23.764763441579998,
        22.39509397458,
        21.66036137858,
        22.025529955579998
      ],
      "exit_codes": [
        0,
        0,
        0,
        0,
        0,
        0,
        0,
        0,
        0,
        0
      ]
    },
    {
      "command": "./sqlite-utils.sh",
      "mean": 22.559927057879996,
      "stddev": 1.208354854289455,
      "median": 22.49678313308,
      "user": 22.164069220000005,
      "system": 0.6782313,
      "min": 21.07517796958,
      "max": 24.470542573579998,
      "times": [
        21.19890856958,
        21.07517796958,
        21.97010368458,
        24.00864647158,
        22.94826562958,
        23.56990275358,
        22.061805088579998,
        24.470542573579998,
        21.36415666058,
        22.93176117758
      ],
      "exit_codes": [
        0,
        0,
        0,
        0,
        0,
        0,
        0,
        0,
        0,
        0
      ]
    }
  ]
}
