{
  "results": [
    {
      "command": "./sqlite-lines.sh",
      "mean": 0.115830722675,
      "stddev": 0.009992472374315277,
      "median": 0.11402255530000001,
      "user": 0.052626331666666665,
      "system": 0.062075355000000006,
      "min": 0.09964104630000001,
      "max": 0.1301455043,
      "times": [
        0.12325238730000002,
        0.10763818730000001,
        0.10503602530000002,
        0.11352274730000002,
        0.10564404730000002,
        0.12095212930000002,
        0.10380088430000001,
        0.09964104630000001,
        0.10356724230000001,
        0.11916564030000001,
        0.1276213153,
        0.1269193333,
        0.1253746013,
        0.1260443293,
        0.1143831413,
        0.10807081630000001,
        0.1260239163,
        0.1301455043,
        0.11306501330000002,
        0.10143137830000001,
        0.1276588493,
        0.11366196930000001,
        0.10999647530000001,
        0.1273203643
      ],
      "exit_codes": [
        0,
        0,
        0,
        0,
        0,
        0,
        0,
        0,
        0,
        0,
        0,
        0,
        0,
        0,
        0,
        0,
        0,
        0,
        0,
        0,
        0,
        0,
        0,
        0
      ]
    },
    {
      "command": "./sqlite-lines-cli.sh",
      "mean": 0.1786281151125,
      "stddev": 0.009082353307015482,
      "median": 0.1781673868,
      "user": 0.05534785250000001,
      "system": 0.22775904249999998,
      "min": 0.1623669063,
      "max": 0.1982448553,
      "times": [
        0.1804718893,
        0.1784574813,
        0.1806011163,
        0.1888533653,
        0.1982448553,
        0.1778772923,
        0.1812474873,
        0.1769152123,
        0.1684467923,
        0.1698631253,
        0.1623669063,
        0.1720671153,
        0.1744739623,
        0.1755388603,
        0.1793323573,
        0.1932920233
      ],
      "exit_codes": [
        0,
        0,
        0,
        0,
        0,
        0,
        0,
        0,
        0,
        0,
        0,
        0,
        0,
        0,
        0,
        0
      ]
    },
    {
      "command": "./unix.sh",
      "mean": 0.06301238209591839,
      "stddev": 0.005589494203603285,
      "median": 0.06328986930000001,
      "user": 0.019789407346938778,
      "system": 0.04258806163265307,
      "min": 0.0545002653,
      "max": 0.07697157330000001,
      "times": [
        0.0596226333,
        0.0607720883,
        0.0642258353,
        0.0572992713,
        0.0576714983,
        0.0566364443,
        0.058278336300000004,
        0.0590047973,
        0.0680703413,
        0.06783997430000001,
        0.0569588593,
        0.0597284613,
        0.06876837930000002,
        0.060559385300000004,
        0.06328986930000001,
        0.059931037300000004,
        0.0674398803,
        0.07048742830000002,
        0.06797859430000001,
        0.06932732130000001,
        0.0608855273,
        0.0730158243,
        0.0663005093,
        0.06763011830000001,
        0.06917939630000002,
        0.07697157330000001,
        0.0721836923,
        0.06419229430000001,
        0.06345526630000001,
        0.0667321723,
        0.06853028430000001,
        0.0573811833,
        0.0573202073,
        0.0605760173,
        0.0562324783,
        0.0588056463,
        0.0665764263,
        0.0644372643,
        0.0565559003,
        0.057106456300000004,
        0.06446834430000001,
        0.0588949453,
        0.0554105093,
        0.0571264373,
        0.06523487530000001,
        0.0545002653,
        0.0559253893,
        0.07219121730000001,
        0.06589606530000001
      ],
      "exit_codes": [
        0,
        0,
        0,
        0,
        0,
        0,
        0,
        0,
        0,
        0,
        0,
        0,
        0,
        0,
        0,
        0,
        0,
        0,
        0,
        0,
        0,
        0,
        0,
        0,
        0,
        0,
        0,
        0,
        0,
        0,
        0,
        0,
        0,
        0,
        0,
        0,
        0,
        0,
        0,
        0,
        0,
        0,
        0,
        0,
        0,
        0,
        0,
        0,
        0
      ]
    },
    {
      "command": "./duck.sh",
      "mean": 0.5371284168,
      "stddev": 0.0552625682696424,
      "median": 0.5125035223,
      "user": 0.44126703999999994,
      "system": 0.05600048,
      "min": 0.4903185333,
      "max": 0.6622723783,
      "times": [
        0.5124207013,
        0.5125863433,
        0.5103898183,
        0.5115225313,
        0.5110947153,
        0.4903185333,
        0.5346838773,
        0.5128586983,
        0.6622723783,
        0.6131365713
      ],
      "exit_codes": [
        0,
        0,
        0,
        0,
        0,
        0,
        0,
        0,
        0,
        0
      ]
    },
    {
      "command": "./py.sh",
      "mean": 0.21925668138333335,
      "stddev": 0.033176890633593345,
      "median": 0.2010588973,
      "user": 0.15666753999999997,
      "system": 0.061536480000000005,
      "min": 0.19277512830000001,
      "max": 0.28232218230000006,
      "times": [
        0.2480801523,
        0.19524765730000002,
        0.2058264773,
        0.1946664963,
        0.19277512830000001,
        0.1998905343,
        0.2412956573,
        0.1984435543,
        0.1954810413,
        0.20222726030000002,
        0.28232218230000006,
        0.27482403530000005
      ],
      "exit_codes": [
        0,
        0,
        0,
        0,
        0,
        0,
        0,
        0,
        0,
        0,
        0,
        0
      ]
    },
    {
      "command": "./ndjson-cli.sh",
      "mean": 4.875426086399999,
      "stddev": 0.26662805568872283,
      "median": 4.9232460748,
      "user": 4.663453539999999,
      "system": 0.48004428,
      "min": 4.4811483273,
      "max": 5.164066077299999,
      "times": [
        4.5469990363,
        4.4811483273,
        4.5559719303,
        4.8072379543,
        5.0837101093,
        5.1630714303,
        4.8856774173,
        4.9608147323,
        5.164066077299999,
        5.1055638493
      ],
      "exit_codes": [
        0,
        0,
        0,
        0,
        0,
        0,
        0,
        0,
        0,
        0
      ]
    },
    {
      "command": "./dsq.sh",
      "mean": 20.477783385200002,
      "stddev": 0.6316392700062794,
      "median": 20.5836788818,
      "user": 39.82342953999999,
      "system": 2.20527638,
      "min": 19.4067046663,
      "max": 21.3678918023,
      "times": [
        21.3678918023,
        20.0870409583,
        20.7704697623,
        20.810507462300002,
        19.4067046663,
        20.6593004273,
        21.2213598603,
        20.2944076143,
        20.508057336300002,
        19.6520939623
      ],
      "exit_codes": [
        0,
        0,
        0,
        0,
        0,
        0,
        0,
        0,
        0,
        0
      ]
    },
    {
      "command": "./sqlite-utils.sh",
      "mean": 20.8546064109,
      "stddev": 0.6506561612717332,
      "median": 20.7735779808,
      "user": 20.53173474,
      "system": 0.6099996799999999,
      "min": 20.0578550513,
      "max": 22.2427644843,
      "times": [
        20.2011572523,
        20.0578550513,
        20.3483559513,
        20.9285489853,
        20.9970682913,
        20.6186069763,
        20.6160823243,
        21.0613307653,
        21.4742940273,
        22.2427644843
      ],
      "exit_codes": [
        0,
        0,
        0,
        0,
        0,
        0,
        0,
        0,
        0,
        0
      ]
    }
  ]
}
