{
  "results": [
    {
      "command": "./sqlite-lines.sh",
      "mean": 1.2966315891600002,
      "stddev": 0.04416626234052658,
      "median": 1.2883237166600001,
      "user": 1.2234007999999998,
      "system": 0.06908136,
      "min": 1.2444695296600001,
      "max": 1.37344582666,
      "times": [
        1.2671360846600002,
        1.2444695296600001,
        1.2922476946600001,
        1.30933616666,
        1.37344582666,
        1.2843997386600001,
        1.26481210266,
        1.35126322966,
        1.33225535866,
        1.2469501596600001
      ],
      "exit_codes": [
        0,
        0,
        0,
        0,
        0,
        0,
        0,
        0,
        0,
        0
      ]
    },
    {
      "command": "./sqlite-lines-cli.sh",
      "mean": 1.52791747296,
      "stddev": 0.22444226019624997,
      "median": 1.45030243566,
      "user": 1.326471,
      "system": 0.43340626000000004,
      "min": 1.36259191566,
      "max": 2.07642430366,
      "times": [
        1.37109239566,
        1.40735676766,
        1.36259191566,
        1.45627154666,
        1.50345168666,
        1.4230962896600001,
        1.46500960366,
        1.44433332466,
        2.07642430366,
        1.76954689566
      ],
      "exit_codes": [
        0,
        0,
        0,
        0,
        0,
        0,
        0,
        0,
        0,
        0
      ]
    },
    {
      "command": "./ndjson-cli.sh",
      "mean": 4.61546387656,
      "stddev": 0.28787733479587596,
      "median": 4.52671821016,
      "user": 4.465705399999999,
      "system": 0.40143366,
      "min": 4.37600631666,
      "max": 5.37723593666,
      "times": [
        4.53024049166,
        4.43816477566,
        4.52319592866,
        4.57147302066,
        4.37600631666,
        4.76669068666,
        4.60712716866,
        4.50024303366,
        5.37723593666,
        4.46426140666
      ],
      "exit_codes": [
        0,
        0,
        0,
        0,
        0,
        0,
        0,
        0,
        0,
        0
      ]
    },
    {
      "command": "./duck.sh",
      "mean": 1.27252804396,
      "stddev": 0.038123500818034686,
      "median": 1.27534480416,
      "user": 1.1573399,
      "system": 0.07392026,
      "min": 1.21238566666,
      "max": 1.33595562366,
      "times": [
        1.28961654866,
        1.23634638766,
        1.33595562366,
        1.26488838366,
        1.2858012246600001,
        1.21238566666,
        1.23479354766,
        1.31511026866,
        1.2618975516600002,
        1.2884852366600001
      ],
      "exit_codes": [
        0,
        0,
        0,
        0,
        0,
        0,
        0,
        0,
        0,
        0
      ]
    },
    {
      "command": "./dsq.sh",
      "mean": 21.806965129559998,
      "stddev": 0.39231155285914904,
      "median": 21.834178608659997,
      "user": 41.2882204,
      "system": 2.31207456,
      "min": 21.23396341766,
      "max": 22.35851866766,
      "times": [
        21.23396341766,
        21.489016820659998,
        21.69991047266,
        22.35851866766,
        21.96564420866,
        22.07060499766,
        21.92332514966,
        21.74503206766,
        22.30541380466,
        21.27822168866
      ],
      "exit_codes": [
        0,
        0,
        0,
        0,
        0,
        0,
        0,
        0,
        0,
        0
      ]
    },
    {
      "command": "./sqlite-utils.sh",
      "mean": 21.92013288316,
      "stddev": 0.5452544895361927,
      "median": 21.86450667866,
      "user": 21.6570294,
      "system": 0.59199186,
      "min": 21.25253111966,
      "max": 22.75118363666,
      "times": [
        21.45988690366,
        22.15476621466,
        21.319317919659998,
        21.87440063866,
        22.31899359166,
        21.526611867659998,
        21.25253111966,
        22.68902422066,
        22.75118363666,
        21.85461271866
      ],
      "exit_codes": [
        0,
        0,
        0,
        0,
        0,
        0,
        0,
        0,
        0,
        0
      ]
    },
    {
      "command": "./zq-json.sh",
      "mean": 12.60158738386,
      "stddev": 0.2931977756739196,
      "median": 12.46135643866,
      "user": 13.854646400000002,
      "system": 0.5555188599999998,
      "min": 12.31683992266,
      "max": 13.176725140659999,
      "times": [
        12.89109548866,
        12.45742307966,
        13.176725140659999,
        12.93280737366,
        12.31683992266,
        12.41974024666,
        12.344484659659999,
        12.465289797659999,
        12.43026237366,
        12.58120575566
      ],
      "exit_codes": [
        0,
        0,
        0,
        0,
        0,
        0,
        0,
        0,
        0,
        0
      ]
    },
    {
      "command": "./py.sh",
      "mean": 4.87039027216,
      "stddev": 0.16864641653700943,
      "median": 4.865493688660001,
      "user": 4.7669418,
      "system": 0.09064676,
      "min": 4.65938212366,
      "max": 5.12017165166,
      "times": [
        4.9220763746600005,
        5.12017165166,
        5.06888191966,
        4.65938212366,
        5.05297759166,
        4.7507889616600005,
        4.68568992266,
        4.71294679866,
        4.8795602886600005,
        4.85142708866
      ],
      "exit_codes": [
        0,
        0,
        0,
        0,
        0,
        0,
        0,
        0,
        0,
        0
      ]
    },
    {
      "command": "./py-pandas.sh",
      "mean": 61.93228073546,
      "stddev": 0.9561331739266883,
      "median": 61.88579717416,
      "user": 60.310760800000004,
      "system": 1.6903513599999997,
      "min": 60.79886714566,
      "max": 63.46471681666,
      "times": [
        61.46170245266,
        62.24098478366,
        63.33649247866,
        62.20479621566,
        62.34679843366,
        60.79886714566,
        61.56679813266,
        60.95045614966,
        60.95119474566,
        63.46471681666
      ],
      "exit_codes": [
        0,
        0,
        0,
        0,
        0,
        0,
        0,
        0,
        0,
        0
      ]
    }
  ]
}
