{
  "results": [
    {
      "command": "./sqlite-lines.sh",
      "mean": 1.4094339308,
      "stddev": 0.06073450380097645,
      "median": 1.4118186320000001,
      "user": 1.3342587599999998,
      "system": 0.0657175,
      "min": 1.3013142315,
      "max": 1.5350347595,
      "times": [
        1.4276829954999999,
        1.4144311695,
        1.5350347595,
        1.4331968385,
        1.4375006715,
        1.3929013285,
        1.3013142315,
        1.4092060945,
        1.3506033475,
        1.3924678715
      ],
      "exit_codes": [
        0,
        0,
        0,
        0,
        0,
        0,
        0,
        0,
        0,
        0
      ]
    },
    {
      "command": "./sqlite-lines-cli.sh",
      "mean": 1.8197857097999997,
      "stddev": 0.17504765837737699,
      "median": 1.7678345395000001,
      "user": 1.5365928599999998,
      "system": 0.4372515,
      "min": 1.5569019435,
      "max": 2.1376830075,
      "times": [
        1.5569019435,
        1.7231946915,
        1.7872685195,
        2.1376830075,
        1.7828319615000001,
        1.7528371175000002,
        1.7015337115,
        1.7449493974999999,
        2.0269792705,
        1.9836774775
      ],
      "exit_codes": [
        0,
        0,
        0,
        0,
        0,
        0,
        0,
        0,
        0,
        0
      ]
    },
    {
      "command": "./ndjson-cli.sh",
      "mean": 5.769072437,
      "stddev": 0.3582792534199867,
      "median": 5.7685165089999995,
      "user": 5.507831059999999,
      "system": 0.5966505,
      "min": 5.2766634715,
      "max": 6.361735203499999,
      "times": [
        5.6853391975,
        5.4872798435,
        6.0949836765,
        5.8516938204999995,
        5.3914644984999995,
        5.2766634715,
        6.1432146705,
        5.5124181395,
        6.361735203499999,
        5.885931848499999
      ],
      "exit_codes": [
        0,
        0,
        0,
        0,
        0,
        0,
        0,
        0,
        0,
        0
      ]
    },
    {
      "command": "./duck.sh",
      "mean": 1.792458022,
      "stddev": 0.13298736214523782,
      "median": 1.773012076,
      "user": 1.8899995600000001,
      "system": 0.0752752,
      "min": 1.6420663435,
      "max": 2.0389470565,
      "times": [
        1.9601430675,
        1.8028444945000002,
        1.8697412355,
        1.8221659235,
        1.6706318235000002,
        1.6420663435,
        1.6611318615000001,
        2.0389470565,
        1.7431796575,
        1.7137287565
      ],
      "exit_codes": [
        0,
        0,
        0,
        0,
        0,
        0,
        0,
        0,
        0,
        0
      ]
    },
    {
      "command": "./dsq.sh",
      "mean": 23.1718471895,
      "stddev": 0.5539838372827547,
      "median": 23.153787242,
      "user": 43.77240936,
      "system": 2.4387558999999994,
      "min": 21.9882166585,
      "max": 23.9840507195,
      "times": [
        23.5988505865,
        23.6612150045,
        22.9770766335,
        23.9840507195,
        23.218162354500002,
        21.9882166585,
        23.375925274500002,
        22.7441694525,
        23.0894121295,
        23.0813930815
      ],
      "exit_codes": [
        0,
        0,
        0,
        0,
        0,
        0,
        0,
        0,
        0,
        0
      ]
    },
    {
      "command": "./sqlite-utils.sh",
      "mean": 25.666538348200003,
      "stddev": 1.2432337720890765,
      "median": 25.524193437,
      "user": 25.294027960000005,
      "system": 0.6858791,
      "min": 23.9270745715,
      "max": 27.5467237555,
      "times": [
        25.0113016315,
        25.3879618595,
        24.498884902500002,
        25.7312695835,
        25.6604250145,
        26.6863524155,
        27.5300168365,
        27.5467237555,
        24.6853729115,
        23.9270745715
      ],
      "exit_codes": [
        0,
        0,
        0,
        0,
        0,
        0,
        0,
        0,
        0,
        0
      ]
    },
    {
      "command": "./zq-json.sh",
      "mean": 15.221132517000001,
      "stddev": 0.8487637512213161,
      "median": 15.235785014500001,
      "user": 16.88725826,
      "system": 0.9722303,
      "min": 13.9456654715,
      "max": 17.1826523945,
      "times": [
        15.3894404225,
        14.735782719500001,
        14.7897586395,
        15.381091835500001,
        15.301036016500001,
        13.9456654715,
        14.6494183175,
        15.6659453405,
        17.1826523945,
        15.170534012500001
      ],
      "exit_codes": [
        0,
        0,
        0,
        0,
        0,
        0,
        0,
        0,
        0,
        0
      ]
    },
    {
      "command": "./py.sh",
      "mean": 5.627160790099999,
      "stddev": 0.4436981528579386,
      "median": 5.439272887,
      "user": 5.5160351599999995,
      "system": 0.09730470000000001,
      "min": 5.1809938744999995,
      "max": 6.6462119465,
      "times": [
        6.6462119465,
        6.1017371565,
        5.5982787255,
        5.1809938744999995,
        5.3911221844999995,
        5.408504414499999,
        5.4446565125,
        5.2919155075,
        5.7742983174999996,
        5.4338892615
      ],
      "exit_codes": [
        0,
        0,
        0,
        0,
        0,
        0,
        0,
        0,
        0,
        0
      ]
    },
    {
      "command": "./py-pandas.sh",
      "mean": 73.267648589,
      "stddev": 1.5834685882610817,
      "median": 72.882397347,
      "user": 71.47030856,
      "system": 1.8664165000000001,
      "min": 71.02997804149999,
      "max": 75.7458645255,
      "times": [
        75.0402477855,
        75.7458645255,
        73.2005057885,
        72.56428890549999,
        72.2083941105,
        74.0650297015,
        74.8619525315,
        71.02997804149999,
        72.2639774585,
        71.69624704149999
      ],
      "exit_codes": [
        0,
        0,
        0,
        0,
        0,
        0,
        0,
        0,
        0,
        0
      ]
    }
  ]
}
