{
  "results": [
    {
      "command": "./sqlite-lines.sh",
      "mean": 1.3255878346199998,
      "stddev": 0.06522719182746248,
      "median": 1.3340724015200003,
      "user": 1.2339958,
      "system": 0.08060651999999999,
      "min": 1.22325281052,
      "max": 1.4428376585200002,
      "times": [
        1.25572041652,
        1.3521750295200001,
        1.3168581885200001,
        1.3648382305200002,
        1.4428376585200002,
        1.3512866145200002,
        1.37714094152,
        1.2718260915200001,
        1.22325281052,
        1.2999423645200001
      ],
      "exit_codes": [
        0,
        0,
        0,
        0,
        0,
        0,
        0,
        0,
        0,
        0
      ]
    },
    {
      "command": "./sqlite-lines-cli.sh",
      "mean": 1.4711215910200002,
      "stddev": 0.06947421144481465,
      "median": 1.4864060440200002,
      "user": 1.2702029,
      "system": 0.36405481999999995,
      "min": 1.38303839052,
      "max": 1.5694164885200002,
      "times": [
        1.4611632515200002,
        1.5153238045200002,
        1.51164883652,
        1.38303839052,
        1.41130179352,
        1.51585248052,
        1.5474281495200002,
        1.40885546552,
        1.5694164885200002,
        1.3871872495200002
      ],
      "exit_codes": [
        0,
        0,
        0,
        0,
        0,
        0,
        0,
        0,
        0,
        0
      ]
    },
    {
      "command": "./ndjson-cli.sh",
      "mean": 4.87750032112,
      "stddev": 0.3833038760166485,
      "median": 4.834375724519999,
      "user": 4.6937314,
      "system": 0.4591706199999999,
      "min": 4.39275701452,
      "max": 5.579335803519999,
      "times": [
        4.54890589752,
        5.38446979852,
        4.6854030695199995,
        4.991920997519999,
        4.98334837952,
        4.55464927552,
        4.99922005052,
        5.579335803519999,
        4.654992924519999,
        4.39275701452
      ],
      "exit_codes": [
        0,
        0,
        0,
        0,
        0,
        0,
        0,
        0,
        0,
        0
      ]
    },
    {
      "command": "./duck.sh",
      "mean": 1.2814508404200002,
      "stddev": 0.05238195902264495,
      "median": 1.2765706415200002,
      "user": 1.1651848999999999,
      "system": 0.07466002,
      "min": 1.21237315952,
      "max": 1.39352881752,
      "times": [
        1.2397677335200001,
        1.21237315952,
        1.2864660645200001,
        1.26667521852,
        1.2363710245200001,
        1.39352881752,
        1.28805277652,
        1.33410683452,
        1.2946426715200001,
        1.26252410352
      ],
      "exit_codes": [
        0,
        0,
        0,
        0,
        0,
        0,
        0,
        0,
        0,
        0
      ]
    },
    {
      "command": "./dsq.sh",
      "mean": 22.42860940282,
      "stddev": 0.4790985495711251,
      "median": 22.52135676752,
      "user": 42.0471078,
      "system": 2.39161802,
      "min": 21.36634227552,
      "max": 23.11467390452,
      "times": [
        21.36634227552,
        22.64194273452,
        22.60644401152,
        22.58247078052,
        23.11467390452,
        22.18703462452,
        22.82936267752,
        22.04719514252,
        22.45038512252,
        22.46024275452
      ],
      "exit_codes": [
        0,
        0,
        0,
        0,
        0,
        0,
        0,
        0,
        0,
        0
      ]
    },
    {
      "command": "./sqlite-utils.sh",
      "mean": 22.97614267042,
      "stddev": 0.7412374074789769,
      "median": 22.82266846102,
      "user": 22.7138919,
      "system": 0.60257902,
      "min": 22.18381640052,
      "max": 24.19010445352,
      "times": [
        22.18381640052,
        22.66934407352,
        24.19010445352,
        24.01309086652,
        22.97599284852,
        23.38617052252,
        22.19645950652,
        22.36214270252,
        23.39558671152,
        22.388718618520002
      ],
      "exit_codes": [
        0,
        0,
        0,
        0,
        0,
        0,
        0,
        0,
        0,
        0
      ]
    },
    {
      "command": "./zq-json.sh",
      "mean": 13.472136154020001,
      "stddev": 0.47800638838279164,
      "median": 13.468697526020001,
      "user": 14.782124600000003,
      "system": 0.60579422,
      "min": 12.84724372452,
      "max": 14.271839935520001,
      "times": [
        14.271839935520001,
        14.15931542052,
        13.63984132052,
        13.61782054652,
        13.562514185520001,
        13.37488086652,
        12.84724372452,
        12.96623111952,
        13.21747044952,
        13.064203971520001
      ],
      "exit_codes": [
        0,
        0,
        0,
        0,
        0,
        0,
        0,
        0,
        0,
        0
      ]
    },
    {
      "command": "./py.sh",
      "mean": 5.21922915662,
      "stddev": 0.22412702319445885,
      "median": 5.20520743602,
      "user": 5.1240475000000005,
      "system": 0.08243441999999998,
      "min": 4.896186666519999,
      "max": 5.5410364225199995,
      "times": [
        4.978597146519999,
        5.31249585352,
        5.07646741852,
        5.5410364225199995,
        5.1545215855199995,
        5.25589328652,
        5.41786303352,
        5.05057696052,
        4.896186666519999,
        5.50865319252
      ],
      "exit_codes": [
        0,
        0,
        0,
        0,
        0,
        0,
        0,
        0,
        0,
        0
      ]
    },
    {
      "command": "./py-pandas.sh",
      "mean": 62.252369337720005,
      "stddev": 0.736220217510761,
      "median": 62.35894976102,
      "user": 60.654337399999996,
      "system": 1.6470677200000001,
      "min": 61.35035167652,
      "max": 63.44256271952,
      "times": [
        62.58705930352,
        62.27392078852,
        62.44397873352,
        61.47811331552,
        63.44256271952,
        63.21104790752,
        62.49694437352,
        61.35035167652,
        61.86510489752,
        61.37460966152
      ],
      "exit_codes": [
        0,
        0,
        0,
        0,
        0,
        0,
        0,
        0,
        0,
        0
      ]
    }
  ]
}
