{
  "results": [
    {
      "command": "./sqlite-lines.sh",
      "mean": 3.9838289585399997,
      "stddev": 0.26460703733819135,
      "median": 3.93593150224,
      "user": 3.06605884,
      "system": 0.63546028,
      "min": 3.65789961124,
      "max": 4.48336534324,
      "times": [
        3.65789961124,
        4.13510921324,
        4.23114084724,
        3.86000916524,
        4.48336534324,
        3.7882802562399998,
        4.01185383924,
        4.1381335002399995,
        3.8597594702399998,
        3.67273833924
      ],
      "exit_codes": [
        0,
        0,
        0,
        0,
        0,
        0,
        0,
        0,
        0,
        0
      ]
    },
    {
      "command": "./sqlite-utils.sh",
      "mean": 38.33909825284,
      "stddev": 1.2905062260079523,
      "median": 38.11993267324,
      "user": 24.857778439999997,
      "system": 2.7298261799999994,
      "min": 36.62021781224,
      "max": 40.12697470024,
      "times": [
        40.107109497239996,
        37.78838374624,
        38.45148160024,
        39.40173824624,
        37.48058344224,
        38.97426323224,
        40.12697470024,
        37.777740450239996,
        36.62021781224,
        36.66248980124
      ],
      "exit_codes": [
        0,
        0,
        0,
        0,
        0,
        0,
        0,
        0,
        0,
        0
      ]
    }
  ]
}
