{
  "results": [
    {
      "command": "./sqlite-lines.sh",
      "mean": 4.120652456259999,
      "stddev": 0.20056836841811013,
      "median": 4.0483137204599995,
      "user": 3.294336199999999,
      "system": 0.63041434,
      "min": 3.94221496496,
      "max": 4.6409131519599995,
      "times": [
        4.03029083696,
        4.07896874796,
        4.18151029296,
        4.6409131519599995,
        4.06633660396,
        3.94221496496,
        4.02194901896,
        4.21868058696,
        4.02657958096,
        3.9990807769599996
      ],
      "exit_codes": [
        0,
        0,
        0,
        0,
        0,
        0,
        0,
        0,
        0,
        0
      ]
    },
    {
      "command": "./duck.sh",
      "mean": 9.25840702306,
      "stddev": 0.24084740901925966,
      "median": 9.21967997546,
      "user": 8.247883899999998,
      "system": 0.7190099400000001,
      "min": 8.84824044596,
      "max": 9.60427517596,
      "times": [
        9.23552815896,
        9.20212563796,
        9.49483243096,
        9.02146519796,
        8.84824044596,
        9.60427517596,
        9.20383179196,
        9.50827818896,
        9.07189657596,
        9.39359662596
      ],
      "exit_codes": [
        0,
        0,
        0,
        0,
        0,
        0,
        0,
        0,
        0,
        0
      ]
    },
    {
      "command": "./sqlite-utils.sh",
      "mean": 41.15211371336,
      "stddev": 1.4163793078007476,
      "median": 41.40137705246,
      "user": 26.15211,
      "system": 2.8633783399999997,
      "min": 38.42173797596,
      "max": 43.103689764959995,
      "times": [
        39.30064884696,
        43.103689764959995,
        41.47735643696,
        40.550902413959996,
        41.87139502096,
        41.32539766796,
        38.42173797596,
        42.27440790096,
        42.186103893959995,
        41.00949721096
      ],
      "exit_codes": [
        0,
        0,
        0,
        0,
        0,
        0,
        0,
        0,
        0,
        0
      ]
    }
  ]
}
