{
  "results": [
    {
      "command": "./sqlite-lines.sh",
      "mean": 3.61991217104,
      "stddev": 0.3174023620058482,
      "median": 3.4938097923399996,
      "user": 2.8804041199999997,
      "system": 0.55031718,
      "min": 3.32992091734,
      "max": 4.31472623534,
      "times": [
        3.99005793434,
        3.35903256134,
        3.32992091734,
        3.5130257773399998,
        4.31472623534,
        3.47459380734,
        3.42987471034,
        3.7684085983399997,
        3.4102728603399997,
        3.60920830834
      ],
      "exit_codes": [
        0,
        0,
        0,
        0,
        0,
        0,
        0,
        0,
        0,
        0
      ]
    },
    {
      "command": "./sqlite-utils.sh",
      "mean": 35.95719832434,
      "stddev": 0.8696086834507276,
      "median": 35.900763908840005,
      "user": 23.388517619999995,
      "system": 2.4058871799999997,
      "min": 35.050819627340005,
      "max": 38.09337535134,
      "times": [
        36.21068408834,
        35.97399550434,
        35.61300454434,
        35.050819627340005,
        36.17432836234,
        35.82753231334,
        38.09337535134,
        36.19877727634,
        35.29647603634,
        35.13299013934
      ],
      "exit_codes": [
        0,
        0,
        0,
        0,
        0,
        0,
        0,
        0,
        0,
        0
      ]
    }
  ]
}
