{
  "results": [
    {
      "command": "./sqlite-lines.sh",
      "mean": 23.238299226799995,
      "stddev": 0.6278542727136734,
      "median": 23.1276748158,
      "user": 21.482251499999997,
      "system": 1.72552052,
      "min": 22.652960218300002,
      "max": 24.5637364223,
      "times": [
        24.5637364223,
        22.9652026463,
        22.6821767773,
        23.919612510300002,
        23.4535753463,
        22.652960218300002,
        22.6753152623,
        23.2901469853,
        23.3987365903,
        22.7815295093
      ],
      "exit_codes": [
        0,
        0,
        0,
        0,
        0,
        0,
        0,
        0,
        0,
        0
      ]
    },
    {
      "command": "./sqlite-lines-cli.sh",
      "mean": 26.433599982600004,
      "stddev": 0.9412612913248113,
      "median": 26.2505214933,
      "user": 21.9629526,
      "system": 11.42494872,
      "min": 25.3354067633,
      "max": 28.7226403163,
      "times": [
        26.8858361393,
        25.7553043893,
        26.2012986863,
        25.3354067633,
        25.9200123413,
        26.299744300300002,
        25.8960527993,
        26.9210305763,
        26.3986735143,
        28.7226403163
      ],
      "exit_codes": [
        0,
        0,
        0,
        0,
        0,
        0,
        0,
        0,
        0,
        0
      ]
    },
    {
      "command": "./duck.sh",
      "mean": 24.608646005000004,
      "stddev": 0.38055041961436376,
      "median": 24.4980950608,
      "user": 23.3025307,
      "system": 1.2934283199999999,
      "min": 24.1849982473,
      "max": 25.3728176213,
      "times": [
        25.3728176213,
        24.9353335953,
        24.1849982473,
        24.3651864433,
        24.881622688300002,
        24.6310036783,
        24.3337186063,
        24.7837803233,
        24.2777941773,
        24.3202046693
      ],
      "exit_codes": [
        0,
        0,
        0,
        0,
        0,
        0,
        0,
        0,
        0,
        0
      ]
    },
    {
      "command": "./ndjson-cli.sh",
      "mean": 141.5182834609,
      "stddev": 5.239543856747693,
      "median": 141.8602775233,
      "user": 136.870005,
      "system": 12.04785372,
      "min": 131.5621170253,
      "max": 147.5086945193,
      "times": [
        131.5621170253,
        134.0186450183,
        145.6007577223,
        141.2407865943,
        141.6076932593,
        139.9758349823,
        145.6186138213,
        147.5086945193,
        142.1128617873,
        145.9368298793
      ],
      "exit_codes": [
        0,
        0,
        0,
        0,
        0,
        0,
        0,
        0,
        0,
        0
      ]
    }
  ]
}
