{
  "results": [
    {
      "command": "./sqlite-lines.sh",
      "mean": 24.941614139359995,
      "stddev": 0.57055940912671,
      "median": 25.03375256786,
      "user": 23.07686964,
      "system": 1.8145429800000001,
      "min": 24.23395311086,
      "max": 25.92739164386,
      "times": [
        25.261971127859997,
        25.26806427486,
        25.92739164386,
        24.58412076786,
        25.44507072386,
        24.36981476986,
        24.23395311086,
        25.20095354586,
        24.86655158986,
        24.25824983886
      ],
      "exit_codes": [
        0,
        0,
        0,
        0,
        0,
        0,
        0,
        0,
        0,
        0
      ]
    },
    {
      "command": "./sqlite-lines-cli.sh",
      "mean": 28.885153165560002,
      "stddev": 0.9961874692486669,
      "median": 29.22667065886,
      "user": 23.956155040000002,
      "system": 11.912317380000001,
      "min": 26.94820301686,
      "max": 29.913458960859998,
      "times": [
        27.97525465086,
        27.95820144786,
        29.82978232886,
        29.30172681686,
        28.491059459859997,
        26.94820301686,
        29.15161450086,
        29.913458960859998,
        29.63692455486,
        29.64530591786
      ],
      "exit_codes": [
        0,
        0,
        0,
        0,
        0,
        0,
        0,
        0,
        0,
        0
      ]
    }
  ]
}
