{
  "results": [
    {
      "command": "./sqlite-lines.sh",
      "mean": 26.212466204500004,
      "stddev": 0.6416821681167435,
      "median": 26.281239739,
      "user": 24.25262674,
      "system": 1.94283936,
      "min": 25.272104624,
      "max": 27.161703581,
      "times": [
        25.272104624,
        25.564495711000003,
        26.308195181000002,
        26.704811787,
        27.161703581,
        25.894417554,
        26.254284297,
        26.906206545,
        25.482548771,
        26.575893994
      ],
      "exit_codes": [
        0,
        0,
        0,
        0,
        0,
        0,
        0,
        0,
        0,
        0
      ]
    },
    {
      "command": "./sqlite-lines-cli.sh",
      "mean": 31.0816436195,
      "stddev": 1.3555284268784038,
      "median": 30.8352367405,
      "user": 25.421044639999998,
      "system": 12.47313186,
      "min": 29.38478675,
      "max": 33.544180192,
      "times": [
        29.38478675,
        30.27964338,
        29.402584017000002,
        32.500550079,
        30.963325187000002,
        33.544180192,
        31.874309331000003,
        30.262827036,
        31.897081929000002,
        30.707148294
      ],
      "exit_codes": [
        0,
        0,
        0,
        0,
        0,
        0,
        0,
        0,
        0,
        0
      ]
    },
    {
      "command": "./duck.sh",
      "mean": 38.98839000889999,
      "stddev": 0.5812786678103742,
      "median": 39.0584283525,
      "user": 37.24479753999999,
      "system": 1.7049735599999998,
      "min": 37.981290572,
      "max": 39.989358595999995,
      "times": [
        38.459708014,
        39.989358595999995,
        38.710360707999996,
        39.093927944,
        38.565534156,
        39.559195134999996,
        39.169253895,
        39.022928760999996,
        37.981290572,
        39.332342307999994
      ],
      "exit_codes": [
        0,
        0,
        0,
        0,
        0,
        0,
        0,
        0,
        0,
        0
      ]
    },
    {
      "command": "./ndjson-cli.sh",
      "mean": 154.65389407150002,
      "stddev": 6.915948723556308,
      "median": 154.33432222300002,
      "user": 148.82588044,
      "system": 14.521156959999999,
      "min": 143.999070976,
      "max": 163.568567669,
      "times": [
        163.568567669,
        160.22918458,
        153.027864482,
        161.276809452,
        162.10054613100002,
        155.64077996400002,
        147.700271824,
        148.513518579,
        143.999070976,
        150.482327058
      ],
      "exit_codes": [
        0,
        0,
        0,
        0,
        0,
        0,
        0,
        0,
        0,
        0
      ]
    }
  ]
}
