{
  "results": [
    {
      "command": "./sqlite-lines.sh",
      "mean": 28.089275806745,
      "stddev": 0.40032126466298407,
      "median": 28.155257656145,
      "user": 24.981094759999998,
      "system": 2.545222695,
      "min": 27.563594740645,
      "max": 28.873295641645,
      "times": [
        28.356130799645,
        28.226190121645,
        28.084325190645,
        27.722648751645,
        27.803562689645002,
        28.326706295645,
        28.250589620645002,
        27.563594740645,
        28.873295641645,
        27.685714215645
      ]
    },
    {
      "command": "./sqlite-lines-cli.sh",
      "mean": 23.892820605645,
      "stddev": 0.5657265173174102,
      "median": 23.861501016645,
      "user": 22.72117696,
      "system": 2.826653295,
      "min": 23.151269200645,
      "max": 24.841881544645002,
      "times": [
        23.483219710645002,
        23.953678258645002,
        23.299116391645,
        23.769323774645002,
        23.450129425645002,
        24.052896664645,
        23.151269200645,
        24.368494769645,
        24.841881544645002,
        24.558196315645002
      ]
    },
    {
      "command": "./duck.sh",
      "mean": 22.353986061445003,
      "stddev": 0.5160888011839436,
      "median": 22.270695128645002,
      "user": 19.35409826,
      "system": 1.965734195,
      "min": 21.485963486645,
      "max": 23.181939579645,
      "times": [
        22.287449722645,
        22.253940534645,
        22.523718285645,
        22.069451043645,
        21.485963486645,
        22.218906678645002,
        22.838918393645002,
        22.878369853645,
        23.181939579645,
        21.801203035645
      ]
    }
  ]
}
