{
  "results": [
    {
      "command": "./sqlite-lines.sh",
      "mean": 0.0521126649401961,
      "stddev": 0.0016642652271629346,
      "median": 0.051954379450000004,
      "user": 0.04456709186274511,
      "system": 0.004378224509803922,
      "min": 0.04842986945,
      "max": 0.05625202045,
      "times": [
        0.05454665845000001,
        0.051536822450000006,
        0.05262605445,
        0.05130139845000001,
        0.051848809450000005,
        0.049270920450000005,
        0.054630372450000006,
        0.051613046450000005,
        0.05202566445,
        0.050664141450000005,
        0.05239051145,
        0.053096730450000004,
        0.05238380745000001,
        0.052724389450000006,
        0.05082189445,
        0.049082483450000006,
        0.051280602450000004,
        0.05090576445,
        0.05368737145000001,
        0.05108245245,
        0.05343643345,
        0.051954379450000004,
        0.051581458450000006,
        0.05274000545,
        0.051973901450000005,
        0.051758297450000004,
        0.05078844045000001,
        0.05222131045,
        0.052119523450000003,
        0.05383907945000001,
        0.05079484345,
        0.052068306450000004,
        0.05107050845,
        0.04964919745,
        0.05116145845,
        0.05036463345,
        0.05357644845,
        0.05121861145000001,
        0.05252072045,
        0.054144045450000004,
        0.051120782450000006,
        0.05049801645,
        0.05625202045,
        0.052494522450000004,
        0.051769184450000005,
        0.056168859450000004,
        0.05457095245,
        0.053479536450000004,
        0.04842986945,
        0.05517882845,
        0.051281840450000005
      ]
    },
    {
      "command": "./sqlite-lines-cli.sh",
      "mean": 0.04654758411666666,
      "stddev": 0.001706623679513509,
      "median": 0.046090272450000004,
      "user": 0.04232325078947369,
      "system": 0.00562214298245614,
      "min": 0.04387471745,
      "max": 0.05135943045000001,
      "times": [
        0.048935946450000004,
        0.04636073845,
        0.043977106450000004,
        0.04640263645000001,
        0.048131947450000004,
        0.04778674245,
        0.04727798745,
        0.04604986145000001,
        0.04755655845,
        0.045948186450000005,
        0.04594873445,
        0.046024842450000006,
        0.04387471745,
        0.04918568845,
        0.05135943045000001,
        0.044843868450000005,
        0.04705442445000001,
        0.04518763345,
        0.047702263450000004,
        0.04622802645,
        0.04456393845000001,
        0.04786566745,
        0.04527613045,
        0.048074694450000004,
        0.047418302450000005,
        0.04442058245,
        0.04725681945,
        0.04570495545,
        0.04609652445,
        0.046090272450000004,
        0.04439764845,
        0.047344438450000005,
        0.04576921745,
        0.049164286450000004,
        0.04805757545,
        0.04457502545000001,
        0.049429904450000006,
        0.045462898450000004,
        0.044203243450000006,
        0.048057237450000005,
        0.044779471450000004,
        0.04748568845,
        0.045735821450000005,
        0.04482506245,
        0.05018311445,
        0.04624284345,
        0.04582480345000001,
        0.046685598450000004,
        0.04447754445,
        0.049784722450000006,
        0.04554229445000001,
        0.04429782245,
        0.045771428450000005,
        0.046062509450000004,
        0.04847610245,
        0.04608443645,
        0.04588632645
      ]
    },
    {
      "command": "./unix.sh",
      "mean": 0.05969345012391307,
      "stddev": 0.0015298318729663946,
      "median": 0.05935530495000001,
      "user": 0.05704747847826086,
      "system": 0.006489341304347823,
      "min": 0.057471697450000005,
      "max": 0.06480671945,
      "times": [
        0.06045142345000001,
        0.05872349545,
        0.06134164545,
        0.06060179845,
        0.06110793045000001,
        0.05967599445,
        0.060434286450000006,
        0.05992955745000001,
        0.06262171445,
        0.06480671945,
        0.06208797045000001,
        0.06312683645,
        0.06137526345,
        0.06075362745000001,
        0.06069585545000001,
        0.05934499145,
        0.06048647445,
        0.05768742845,
        0.05974904945,
        0.058719023450000005,
        0.05904432145,
        0.05868434845000001,
        0.059737364450000004,
        0.05861425445000001,
        0.059228684450000006,
        0.05749721145,
        0.05980300345000001,
        0.05801494445,
        0.058923289450000006,
        0.06065852645000001,
        0.057719075450000004,
        0.058836677450000006,
        0.05861519745,
        0.058062199450000004,
        0.05849909845,
        0.060422268450000004,
        0.05836928945000001,
        0.059157104450000005,
        0.057471697450000005,
        0.058634794450000007,
        0.05960452345000001,
        0.05837668245,
        0.058981864450000004,
        0.05936561845000001,
        0.058991911450000004,
        0.06086366845
      ]
    }
  ]
}
